<?xml version="1.0" encoding="utf-8"?>
<tincan xmlns:xsi="http://www.w3.org/2001/XMLSchema-instance" xmlns:xsd="http://www.w3.org/2001/XMLSchema" xmlns="http://projecttincan.com/tincan.xsd">
	<activities>
		<activity id="http://6oz8bMIuzWC_course_id" type="http://adlnet.gov/expapi/activities/course">
			<name lang="und">Olahraga Atletik: Lompat Jauh</name>
			<description lang="und" />
			<launch lang="und">index_lms.html</launch>
		</activity>
		<activity id="http://6oz8bMIuzWC_course_id/5pIQZZndWrS" type="http://adlnet.gov/expapi/activities/objective">
			<name lang="und">Olahraga Atletik: Lompat Jauh</name>
			<description lang="und">Olahraga Atletik: Lompat Jauh</description>
		</activity>
		<activity id="http://6oz8bMIuzWC_course_id/6K54RZ9QRhI" type="http://adlnet.gov/expapi/activities/module">
			<name lang="und">Start Menu</name>
			<description lang="und">Start Menu</description>
		</activity>
		<activity id="http://6oz8bMIuzWC_course_id/5gWx5CN4n1m" type="http://adlnet.gov/expapi/activities/module">
			<name lang="und">Materi 1</name>
			<description lang="und">Materi 1</description>
		</activity>
		<activity id="http://6oz8bMIuzWC_course_id/6DuS2DfMFYB" type="http://adlnet.gov/expapi/activities/module">
			<name lang="und">Materi 1</name>
			<description lang="und">Materi 1</description>
		</activity>
		<activity id="http://6oz8bMIuzWC_course_id/6cEIxLiSZ0C" type="http://adlnet.gov/expapi/activities/module">
			<name lang="und">Materi 2</name>
			<description lang="und">Materi 2</description>
		</activity>
		<activity id="http://6oz8bMIuzWC_course_id/6VuZ8ThK677" type="http://adlnet.gov/expapi/activities/module">
			<name lang="und">Materi 2</name>
			<description lang="und">Materi 2</description>
		</activity>
		<activity id="http://6oz8bMIuzWC_course_id/5sfs8EhnXdI" type="http://adlnet.gov/expapi/activities/module">
			<name lang="und">Materi 2</name>
			<description lang="und">Materi 2</description>
		</activity>
		<activity id="http://6oz8bMIuzWC_course_id/62oxwms6GWs" type="http://adlnet.gov/expapi/activities/module">
			<name lang="und">Materi 2</name>
			<description lang="und">Materi 2</description>
		</activity>
		<activity id="http://6oz8bMIuzWC_course_id/6JJuyLqwqqK" type="http://adlnet.gov/expapi/activities/module">
			<name lang="und">Materi 2</name>
			<description lang="und">Materi 2</description>
		</activity>
		<activity id="http://6oz8bMIuzWC_course_id/5cMvBaWZ0t1" type="http://adlnet.gov/expapi/activities/module">
			<name lang="und">Soal Latihan 1</name>
			<description lang="und">Soal Latihan 1</description>
		</activity>
		<activity id="http://6oz8bMIuzWC_course_id/5cMvBaWZ0t1/6k8suDUkKBR" type="http://adlnet.gov/expapi/activities/cmi.interaction">
			<name lang="und">Prinsip utama dalam olahraga atletik lompat jauh adalah….</name>
			<description lang="und">Prinsip utama dalam olahraga atletik lompat jauh adalah….</description>
			<interactionType>choice</interactionType>
			<correctResponsePatterns>
				<correctResponsePattern>choice_60zKtAemzf8</correctResponsePattern>
			</correctResponsePatterns>
			<choices>
				<component>
					<id>choice_6c8G7MROhYb</id>
					<description lang="und">Melayang di udara selama mungkin</description>
				</component>
				<component>
					<id>choice_6auX6kH1KGB</id>
					<description lang="und">Melompat setinggi mungkin</description>
				</component>
				<component>
					<id>choice_5c58ATuW6ie</id>
					<description lang="und">Mendarat dengan gaya</description>
				</component>
				<component>
					<id>choice_60zKtAemzf8</id>
					<description lang="und">Melompat sejauh mungkin</description>
				</component>
				<component>
					<id>choice_6CbQKSOO14W</id>
					<description lang="und">Memilih gaya saat melayang di udara</description>
				</component>
			</choices>
		</activity>
		<activity id="http://6oz8bMIuzWC_course_id/6gI5sSomw89" type="http://adlnet.gov/expapi/activities/module">
			<name lang="und">Soal Latihan 2</name>
			<description lang="und">Soal Latihan 2</description>
		</activity>
		<activity id="http://6oz8bMIuzWC_course_id/6gI5sSomw89/6qL66McWYlF" type="http://adlnet.gov/expapi/activities/cmi.interaction">
			<name lang="und">Terdapat 3 (tiga) gaya saat melayang di udara dalam lompat jauh, kecuali….</name>
			<description lang="und">Terdapat 3 (tiga) gaya saat melayang di udara dalam lompat jauh, kecuali….</description>
			<interactionType>choice</interactionType>
			<correctResponsePatterns>
				<correctResponsePattern>choice_6CZxvnvP5L1</correctResponsePattern>
			</correctResponsePatterns>
			<choices>
				<component>
					<id>choice_5oN3cMLMAXI</id>
					<description lang="und">Hang style</description>
				</component>
				<component>
					<id>choice_6CZxvnvP5L1</id>
					<description lang="und">Western roll</description>
				</component>
				<component>
					<id>choice_6n2Fb2niAEh</id>
					<description lang="und">Schnepper </description>
				</component>
				<component>
					<id>choice_63qsotRAqeU</id>
					<description lang="und">Walking in the air</description>
				</component>
				<component>
					<id>choice_5uGew40uY6f</id>
					<description lang="und">Ortodock</description>
				</component>
			</choices>
		</activity>
		<activity id="http://6oz8bMIuzWC_course_id/5ZXnQld9j8D" type="http://adlnet.gov/expapi/activities/module">
			<name lang="und">Home Page</name>
			<description lang="und">Home Page</description>
		</activity>
		<activity id="http://6oz8bMIuzWC_course_id/6MhTIhZvkgF" type="http://adlnet.gov/expapi/activities/module">
			<name lang="und">Materi</name>
			<description lang="und">Materi</description>
		</activity>
		<activity id="http://6oz8bMIuzWC_course_id/6DlpSXsi6e3" type="http://adlnet.gov/expapi/activities/module">
			<name lang="und">Terdapat 4 (empat) tahapan atau teknik yang dilakukan dalam lompat jauh, kecuali ….</name>
			<description lang="und">Terdapat 4 (empat) tahapan atau teknik yang dilakukan dalam lompat jauh, kecuali ….</description>
		</activity>
		<activity id="http://6oz8bMIuzWC_course_id/6DlpSXsi6e3/671CspIbEHR" type="http://adlnet.gov/expapi/activities/cmi.interaction">
			<name lang="und">Terdapat 4 (empat) tahapan atau teknik yang dilakukan dalam lompat jauh, kecuali ….</name>
			<description lang="und">Terdapat 4 (empat) tahapan atau teknik yang dilakukan dalam lompat jauh, kecuali ….</description>
			<interactionType>choice</interactionType>
			<correctResponsePatterns>
				<correctResponsePattern>choice_6Hvz2nRzJbM</correctResponsePattern>
			</correctResponsePatterns>
			<choices>
				<component>
					<id>choice_6MKbejKg7lz</id>
					<description lang="und">Teknik awalan</description>
				</component>
				<component>
					<id>choice_6Hvz2nRzJbM</id>
					<description lang="und">Teknik berlari</description>
				</component>
				<component>
					<id>choice_6QWPq3Taysw</id>
					<description lang="und">Teknik berjalan di udara</description>
				</component>
				<component>
					<id>choice_6hJG9ehP3XH</id>
					<description lang="und">Teknik mendarat</description>
				</component>
				<component>
					<id>choice_6g1rSfUdCLb</id>
					<description lang="und">Teknik tolakan</description>
				</component>
			</choices>
		</activity>
		<activity id="http://6oz8bMIuzWC_course_id/5Z8Iu75GxH4" type="http://adlnet.gov/expapi/activities/module">
			<name lang="und">Lari dengan secepat mungkin dan langkahnya tidak boleh diubah adalah prinsip dari...</name>
			<description lang="und">Lari dengan secepat mungkin dan langkahnya tidak boleh diubah adalah prinsip dari...</description>
		</activity>
		<activity id="http://6oz8bMIuzWC_course_id/5Z8Iu75GxH4/6g0k6JFQ5nM" type="http://adlnet.gov/expapi/activities/cmi.interaction">
			<name lang="und">Lari dengan secepat mungkin dan langkahnya tidak boleh diubah adalah prinsip dari...</name>
			<description lang="und">Lari dengan secepat mungkin dan langkahnya tidak boleh diubah adalah prinsip dari...</description>
			<interactionType>choice</interactionType>
			<correctResponsePatterns>
				<correctResponsePattern>choice_6j7I3a6piPP</correctResponsePattern>
			</correctResponsePatterns>
			<choices>
				<component>
					<id>choice_5sOV8511Cgv</id>
					<description lang="und">Start lari lompatan</description>
				</component>
				<component>
					<id>choice_5g53SDdTVs8</id>
					<description lang="und">Teknik dalam olahraga lompat jauh</description>
				</component>
				<component>
					<id>choice_5bQNMqqaKtK</id>
					<description lang="und">Gaya berjalan di udara</description>
				</component>
				<component>
					<id>choice_5mpGkQonfJW</id>
					<description lang="und">Menolak</description>
				</component>
				<component>
					<id>choice_6j7I3a6piPP</id>
					<description lang="und">Awalan lompat jauh</description>
				</component>
			</choices>
		</activity>
		<activity id="http://6oz8bMIuzWC_course_id/5ebEMxq56vG" type="http://adlnet.gov/expapi/activities/module">
			<name lang="und">Jenis gaya yang seperti orang sedang menggantung dalam lompat jauh biasa disebut...</name>
			<description lang="und">Jenis gaya yang seperti orang sedang menggantung dalam lompat jauh biasa disebut...</description>
		</activity>
		<activity id="http://6oz8bMIuzWC_course_id/5ebEMxq56vG/5jkJoYv0PUJ" type="http://adlnet.gov/expapi/activities/cmi.interaction">
			<name lang="und">Jenis gaya yang seperti orang sedang menggantung dalam lompat jauh biasa disebut...</name>
			<description lang="und">Jenis gaya yang seperti orang sedang menggantung dalam lompat jauh biasa disebut...</description>
			<interactionType>choice</interactionType>
			<correctResponsePatterns>
				<correctResponsePattern>choice_6qZ2KoYzlvq</correctResponsePattern>
			</correctResponsePatterns>
			<choices>
				<component>
					<id>choice_5awMi7Alekq</id>
					<description lang="und">Gaya jongkok</description>
				</component>
				<component>
					<id>choice_6FZTSMCixuw</id>
					<description lang="und">Walking in the air</description>
				</component>
				<component>
					<id>choice_6qZ2KoYzlvq</id>
					<description lang="und">Hang style</description>
				</component>
				<component>
					<id>choice_6ReMnq3Ctiv</id>
					<description lang="und">Tack style</description>
				</component>
				<component>
					<id>choice_6KKrlgXRiIM</id>
					<description lang="und">Gaya bebas</description>
				</component>
			</choices>
		</activity>
		<activity id="http://6oz8bMIuzWC_course_id/5wwOrKRCOty" type="http://adlnet.gov/expapi/activities/module">
			<name lang="und">Nama lain Hang style adalah ….</name>
			<description lang="und">Nama lain Hang style adalah ….</description>
		</activity>
		<activity id="http://6oz8bMIuzWC_course_id/5wwOrKRCOty/6jihnzhCClX" type="http://adlnet.gov/expapi/activities/cmi.interaction">
			<name lang="und">Nama lain Hang style adalah ….</name>
			<description lang="und">Nama lain Hang style adalah ….</description>
			<interactionType>choice</interactionType>
			<correctResponsePatterns>
				<correctResponsePattern>choice_5zHYIaKoKX0</correctResponsePattern>
			</correctResponsePatterns>
			<choices>
				<component>
					<id>choice_5zHYIaKoKX0</id>
					<description lang="und">schnepper </description>
				</component>
				<component>
					<id>choice_6MYsvaKBVdL</id>
					<description lang="und">Walking in the air</description>
				</component>
				<component>
					<id>choice_6rcv6y6RTqZ</id>
					<description lang="und">Ortodock</description>
				</component>
				<component>
					<id>choice_6Z3lUp8JUs7</id>
					<description lang="und">Western roll</description>
				</component>
				<component>
					<id>choice_5sX2YDjQxL5</id>
					<description lang="und">American style</description>
				</component>
			</choices>
		</activity>
		<activity id="http://6oz8bMIuzWC_course_id/5vacpJUdxtF" type="http://adlnet.gov/expapi/activities/module">
			<name lang="und">Gerakan yang ada pada lompat jauh merupakan perpaduan antara....</name>
			<description lang="und">Gerakan yang ada pada lompat jauh merupakan perpaduan antara....</description>
		</activity>
		<activity id="http://6oz8bMIuzWC_course_id/5vacpJUdxtF/5cFU2HNQmbR" type="http://adlnet.gov/expapi/activities/cmi.interaction">
			<name lang="und">Gerakan yang ada pada lompat jauh merupakan perpaduan antara....</name>
			<description lang="und">Gerakan yang ada pada lompat jauh merupakan perpaduan antara....</description>
			<interactionType>choice</interactionType>
			<correctResponsePatterns>
				<correctResponsePattern>choice_6aR46Gpzsi0</correctResponsePattern>
			</correctResponsePatterns>
			<choices>
				<component>
					<id>choice_6aR46Gpzsi0</id>
					<description lang="und">Kecepatan dan kekuatan</description>
				</component>
				<component>
					<id>choice_6kvJl5oCPOm</id>
					<description lang="und">Daya tahan dan ketepatan</description>
				</component>
				<component>
					<id>choice_5xFSq6vdFk4</id>
					<description lang="und">Konsentrasi dan keseimbangan</description>
				</component>
				<component>
					<id>choice_6bA6gZ3A9w5</id>
					<description lang="und">Kelentukan dan kelincahan</description>
				</component>
				<component>
					<id>choice_5u4m4qT0ksC</id>
					<description lang="und">Kelentukan dan kekuatan</description>
				</component>
			</choices>
		</activity>
		<activity id="http://6oz8bMIuzWC_course_id/6nEPguLkn58" type="http://adlnet.gov/expapi/activities/module">
			<name lang="und">Perbedaan gaya lompat jauh dapat diketahui pada tahap ….</name>
			<description lang="und">Perbedaan gaya lompat jauh dapat diketahui pada tahap ….</description>
		</activity>
		<activity id="http://6oz8bMIuzWC_course_id/6nEPguLkn58/5mo1kxIyXWn" type="http://adlnet.gov/expapi/activities/cmi.interaction">
			<name lang="und">Perbedaan gaya lompat jauh dapat diketahui pada tahap ….</name>
			<description lang="und">Perbedaan gaya lompat jauh dapat diketahui pada tahap ….</description>
			<interactionType>choice</interactionType>
			<correctResponsePatterns>
				<correctResponsePattern>choice_6D5IKr9Dy9z</correctResponsePattern>
			</correctResponsePatterns>
			<choices>
				<component>
					<id>choice_5WPqNCNPhZq</id>
					<description lang="und">Awalan</description>
				</component>
				<component>
					<id>choice_5tnxF61dd0S</id>
					<description lang="und">Tolakan</description>
				</component>
				<component>
					<id>choice_6D5IKr9Dy9z</id>
					<description lang="und">Melayang di udara</description>
				</component>
				<component>
					<id>choice_6axmVCsZwuq</id>
					<description lang="und">Mendarat</description>
				</component>
				<component>
					<id>choice_66MVQJKMfgA</id>
					<description lang="und">Melompat</description>
				</component>
			</choices>
		</activity>
		<activity id="http://6oz8bMIuzWC_course_id/5dtjibMdRnN" type="http://adlnet.gov/expapi/activities/module">
			<name lang="und">Hal-hal yang perlu dihindari dalam lompat jauh adalah....</name>
			<description lang="und">Hal-hal yang perlu dihindari dalam lompat jauh adalah....</description>
		</activity>
		<activity id="http://6oz8bMIuzWC_course_id/5dtjibMdRnN/6OiQxFXLpxG" type="http://adlnet.gov/expapi/activities/cmi.interaction">
			<name lang="und">Hal-hal yang perlu dihindari dalam lompat jauh adalah....</name>
			<description lang="und">Hal-hal yang perlu dihindari dalam lompat jauh adalah....</description>
			<interactionType>choice</interactionType>
			<correctResponsePatterns>
				<correctResponsePattern>choice_6VUBnGgbCDF</correctResponsePattern>
			</correctResponsePatterns>
			<choices>
				<component>
					<id>choice_6ITIEEiUT8f</id>
					<description lang="und">Mencapai jangkauan gerak yang baik</description>
				</component>
				<component>
					<id>choice_6Kq1Ui4vyrD</id>
					<description lang="und">Mendarat dengan dua kaki</description>
				</component>
				<component>
					<id>choice_5XZy569WLWu</id>
					<description lang="und">Memelihara kecepatan sampai saat menolak</description>
				</component>
				<component>
					<id>choice_67NEbyIXivI</id>
					<description lang="und">Menguasai gerak langkah dan ayunan</description>
				</component>
				<component>
					<id>choice_6VUBnGgbCDF</id>
					<description lang="und">Memperpendek langkah terakhir sebelum bertolak</description>
				</component>
			</choices>
		</activity>
		<activity id="http://6oz8bMIuzWC_course_id/6YArLuijRst" type="http://adlnet.gov/expapi/activities/module">
			<name lang="und">Mendarat yang baik dalam lompat jauh dilakukan dengan....</name>
			<description lang="und">Mendarat yang baik dalam lompat jauh dilakukan dengan....</description>
		</activity>
		<activity id="http://6oz8bMIuzWC_course_id/6YArLuijRst/6FfShRlQaai" type="http://adlnet.gov/expapi/activities/cmi.interaction">
			<name lang="und">Mendarat yang baik dalam lompat jauh dilakukan dengan....</name>
			<description lang="und">Mendarat yang baik dalam lompat jauh dilakukan dengan....</description>
			<interactionType>choice</interactionType>
			<correctResponsePatterns>
				<correctResponsePattern>choice_6ol69IxGNyZ</correctResponsePattern>
			</correctResponsePatterns>
			<choices>
				<component>
					<id>choice_6oYUi8Zispy</id>
					<description lang="und">Mendarat dengan menjatuhkan badan ke depan</description>
				</component>
				<component>
					<id>choice_6Bbp7RNIh3w</id>
					<description lang="und">Mendarat dengan tangan di belakang</description>
				</component>
				<component>
					<id>choice_6nsZlU6pOJS</id>
					<description lang="und">Tangan menopang berat badan</description>
				</component>
				<component>
					<id>choice_6ol69IxGNyZ</id>
					<description lang="und">Mendarat dengan kedua kaki, lutut ditekuk, berat badan dibawa ke depan</description>
				</component>
				<component>
					<id>choice_6PtwuMx7VRQ</id>
					<description lang="und">Mendarat dengan satu kaki</description>
				</component>
			</choices>
		</activity>
		<activity id="http://6oz8bMIuzWC_course_id/5fc73jmrfPV" type="http://adlnet.gov/expapi/activities/module">
			<name lang="und">Pada umumnya, jarak awalan lompat jauh yaitu ....</name>
			<description lang="und">Pada umumnya, jarak awalan lompat jauh yaitu ....</description>
		</activity>
		<activity id="http://6oz8bMIuzWC_course_id/5fc73jmrfPV/5rGsiFbWhzi" type="http://adlnet.gov/expapi/activities/cmi.interaction">
			<name lang="und">Pada umumnya, jarak awalan lompat jauh yaitu ....</name>
			<description lang="und">Pada umumnya, jarak awalan lompat jauh yaitu ....</description>
			<interactionType>choice</interactionType>
			<correctResponsePatterns>
				<correctResponsePattern>choice_6HmNwJbJBOS</correctResponsePattern>
			</correctResponsePatterns>
			<choices>
				<component>
					<id>choice_68I27xV3lYi</id>
					<description lang="und">10-15 m</description>
				</component>
				<component>
					<id>choice_6HmNwJbJBOS</id>
					<description lang="und">30-45 m</description>
				</component>
				<component>
					<id>choice_668zwEIwMsE</id>
					<description lang="und">50-75 m</description>
				</component>
				<component>
					<id>choice_5cqT1BwOz0R</id>
					<description lang="und">20-30 m</description>
				</component>
				<component>
					<id>choice_5h3ixbsPRS7</id>
					<description lang="und">15-30 m</description>
				</component>
			</choices>
		</activity>
		<activity id="http://6oz8bMIuzWC_course_id/6Ps9e9NRa7e" type="http://adlnet.gov/expapi/activities/module">
			<name lang="und">Gerakan lompat jauh yang bertujuan untuk mengubah kecepatan horizontal menjadi keceapatan vertikal yaitu ....</name>
			<description lang="und">Gerakan lompat jauh yang bertujuan untuk mengubah kecepatan horizontal menjadi keceapatan vertikal yaitu ....</description>
		</activity>
		<activity id="http://6oz8bMIuzWC_course_id/6Ps9e9NRa7e/6lQJNHgo7id" type="http://adlnet.gov/expapi/activities/cmi.interaction">
			<name lang="und">Gerakan lompat jauh yang bertujuan untuk mengubah kecepatan horizontal menjadi keceapatan vertikal yaitu ....</name>
			<description lang="und">Gerakan lompat jauh yang bertujuan untuk mengubah kecepatan horizontal menjadi keceapatan vertikal yaitu ....</description>
			<interactionType>choice</interactionType>
			<correctResponsePatterns>
				<correctResponsePattern>choice_5qj2CyiAL83</correctResponsePattern>
			</correctResponsePatterns>
			<choices>
				<component>
					<id>choice_6ZuAHdYZChb</id>
					<description lang="und">Mendarat</description>
				</component>
				<component>
					<id>choice_68rPTpSwBPZ</id>
					<description lang="und">Melayang di udara</description>
				</component>
				<component>
					<id>choice_5clP2yYh5p3</id>
					<description lang="und">Awalan</description>
				</component>
				<component>
					<id>choice_5qj2CyiAL83</id>
					<description lang="und">Tolakan/tumpuan</description>
				</component>
				<component>
					<id>choice_6ZqFCJaantx</id>
					<description lang="und">Berlari</description>
				</component>
			</choices>
		</activity>
		<activity id="http://6oz8bMIuzWC_course_id/6rL0g7Ro2Om" type="http://adlnet.gov/expapi/activities/module">
			<name lang="und">Results Slide</name>
			<description lang="und">Results Slide</description>
		</activity>
	</activities>
</tincan>